<?xml version="1.0" encoding="utf-8"?>
<extension type="component" version="3.8" method="install">
	<name>com_centroseducativos</name>
	<creationDate>2018/05/22</creationDate>
	<author>Jose</author>
	<version>0.0.2</version>
	<description>Ejemplo de componente para registro de centros educativos</description>

	<files folder="site">
		<filename>controller.php</filename>
		<filename>centroseducativos.php</filename>
		<folder>views</folder>
	</files>
        
        <install>
		<sql>
			<file charset="utf8" driver="mysql">install.sql</file>
		</sql>
	</install>
	
	<uninstall>
		<sql>
			<file charset="utf8" driver="mysql">uninstall.sql</file>
		</sql>
	</uninstall>

	<administration>
		<menu link="option=com_centroseducativos">Centros Educativos</menu>
                <files folder="admin">
                    <filename>controller.php</filename>
                    <filename>centroseducativos.php</filename>
                    <filename>install.sql</filename>
                    <filename>uninstall.sql</filename>
                    <folder>views</folder>
                    <folder>models</folder>
                    <folder>controllers</folder>
		</files>
	</administration>
</extension>
